lat,lon,value,geometry
-38.026148399497174,144.96151482353076,19,POINT (144.96151482353076 -38.026148399497174)
-37.80871977229708,145.1479922284423,4,POINT (145.1479922284423 -37.80871977229708)
-37.95739358079968,145.11376970731433,22,POINT (145.11376970731433 -37.95739358079968)
-37.93994658331125,144.96539671542905,30,POINT (144.96539671542905 -37.93994658331125)
-38.02059925147736,144.8811144138996,4,POINT (144.8811144138996 -38.02059925147736)
-37.87885561530286,145.11229956390088,48,POINT (145.11229956390088 -37.87885561530286)
-38.060453100914344,144.80331436749694,36,POINT (144.80331436749694 -38.060453100914344)
-37.96850697683207,144.9760072066196,20,POINT (144.9760072066196 -37.96850697683207)
-37.80623460158905,144.95289035473002,21,POINT (144.95289035473002 -37.80623460158905)
-37.88024502055819,144.91423933179416,90,POINT (144.91423933179416 -37.88024502055819)
-37.82804506773312,144.87557901391963,22,POINT (144.87557901391963 -37.82804506773312)
-37.798412352196394,144.99472599748964,51,POINT (144.99472599748964 -37.798412352196394)
-37.9924343418894,144.97282179353547,73,POINT (144.97282179353547 -37.9924343418894)
-37.862378013631414,145.1563301780691,4,POINT (145.1563301780691 -37.862378013631414)
-37.79496142566692,144.71798267712836,60,POINT (144.71798267712836 -37.79496142566692)
-38.06581599945802,144.6307024337281,74,POINT (144.6307024337281 -38.06581599945802)
-37.87850892709809,144.97745746536097,69,POINT (144.97745746536097 -37.87850892709809)
-37.88711908000487,144.86147825651992,83,POINT (144.86147825651992 -37.88711908000487)
-37.98887457159884,145.11370781206168,80,POINT (145.11370781206168 -37.98887457159884)
-38.06298402854757,145.03951141201978,9,POINT (145.03951141201978 -38.06298402854757)
-38.002700716775415,144.76963539661446,0,POINT (144.76963539661446 -38.002700716775415)
-37.885112083091656,144.96109293924675,5,POINT (144.96109293924675 -37.885112083091656)
-37.71769589772431,144.87658324220334,86,POINT (144.87658324220334 -37.71769589772431)
-37.901041910606544,145.35606403805596,35,POINT (145.35606403805596 -37.901041910606544)
-37.87228305989346,145.13229544968806,81,POINT (145.13229544968806 -37.87228305989346)
-38.041849197130205,144.790403780345,51,POINT (144.790403780345 -38.041849197130205)
-37.84147663476637,144.86198125484148,2,POINT (144.86198125484148 -37.84147663476637)
-37.911020203575,145.23437460605575,89,POINT (145.23437460605575 -37.911020203575)
-37.86088644827221,144.88614090169642,8,POINT (144.88614090169642 -37.86088644827221)
-37.84792372129911,144.94428295720888,39,POINT (144.94428295720888 -37.84792372129911)
-37.98051063155424,144.8457218969951,57,POINT (144.8457218969951 -37.98051063155424)
-37.95215949381422,144.98877548740126,9,POINT (144.98877548740126 -37.95215949381422)
-37.97073070954968,144.99055608015965,24,POINT (144.99055608015965 -37.97073070954968)
-37.866142684677044,144.8624708449183,45,POINT (144.8624708449183 -37.866142684677044)
-38.04936766193591,144.9183203057311,19,POINT (144.9183203057311 -38.04936766193591)
-37.904195782672545,144.95638141969636,74,POINT (144.95638141969636 -37.904195782672545)
-38.09916404516666,145.3500593075686,91,POINT (145.3500593075686 -38.09916404516666)
-37.98870193617089,144.89574533935115,18,POINT (144.89574533935115 -37.98870193617089)
-37.82552448299827,144.82290914263302,8,POINT (144.82290914263302 -37.82552448299827)
-38.03104852993265,144.87046941023928,7,POINT (144.87046941023928 -38.03104852993265)
-37.96120920288508,144.99556870616783,62,POINT (144.99556870616783 -37.96120920288508)
-38.05721478752,145.1751031764042,73,POINT (145.1751031764042 -38.05721478752)
-37.907430046486624,145.0946387921718,40,POINT (145.0946387921718 -37.907430046486624)
-37.89143876661864,145.2293106518703,79,POINT (145.2293106518703 -37.89143876661864)
-37.839535398653304,144.87536371489313,33,POINT (144.87536371489313 -37.839535398653304)
-38.03099147849875,144.77372106639163,58,POINT (144.77372106639163 -38.03099147849875)
-38.04964924093609,144.67472651865128,98,POINT (144.67472651865128 -38.04964924093609)
-38.05356551550481,144.8539889060053,28,POINT (144.8539889060053 -38.05356551550481)
-37.81629091454,145.09759470247042,47,POINT (145.09759470247042 -37.81629091454)
-37.99126602357692,144.85524778203018,45,POINT (144.85524778203018 -37.99126602357692)
-38.02903950641444,144.98222979322412,44,POINT (144.98222979322412 -38.02903950641444)
-37.8933851989855,144.90108080419625,55,POINT (144.90108080419625 -37.8933851989855)
-38.02052699508944,145.06322177462098,9,POINT (145.06322177462098 -38.02052699508944)
-37.938741838599164,144.67593642245012,39,POINT (144.67593642245012 -37.938741838599164)
-38.16361494157323,144.72434258702847,69,POINT (144.72434258702847 -38.16361494157323)
-37.86604137338244,145.02989161058417,0,POINT (145.02989161058417 -37.86604137338244)
-37.952331288850466,144.95243296808093,50,POINT (144.95243296808093 -37.952331288850466)
-37.78105663128781,144.5849038319537,64,POINT (144.5849038319537 -37.78105663128781)
-37.87791157361023,145.35936811585518,29,POINT (145.35936811585518 -37.87791157361023)
-37.85906184287492,144.8290902228326,29,POINT (144.8290902228326 -37.85906184287492)
-38.003137321859924,144.92516416782016,88,POINT (144.92516416782016 -38.003137321859924)
-37.90230096139105,145.38328293611426,1,POINT (145.38328293611426 -37.90230096139105)
-37.929283151284245,144.71858921163812,61,POINT (144.71858921163812 -37.929283151284245)
-37.90188413475053,145.32427947942156,91,POINT (145.32427947942156 -37.90188413475053)
-38.010379180141264,144.74917444937896,21,POINT (144.74917444937896 -38.010379180141264)
-37.859337258480075,144.9618003257904,47,POINT (144.9618003257904 -37.859337258480075)
-37.889859619386606,144.90637757356404,90,POINT (144.90637757356404 -37.889859619386606)
-37.952250383721136,144.90274720595906,83,POINT (144.90274720595906 -37.952250383721136)
-38.032165632256294,144.6612234227046,12,POINT (144.6612234227046 -38.032165632256294)
-37.958190215278535,145.24202099602454,73,POINT (145.24202099602454 -37.958190215278535)
-37.79360578489914,144.89124547862826,86,POINT (144.89124547862826 -37.79360578489914)
-37.90933407553866,145.01932689910845,86,POINT (145.01932689910845 -37.90933407553866)
-38.04498709060164,144.64980462758402,15,POINT (144.64980462758402 -38.04498709060164)
-37.95363916280018,144.7973833399739,81,POINT (144.7973833399739 -37.95363916280018)
-38.020165431226516,144.97898877566843,75,POINT (144.97898877566843 -38.020165431226516)
-37.97910818511595,144.86326973323727,45,POINT (144.86326973323727 -37.97910818511595)
-37.86614862995078,145.30101458267345,58,POINT (145.30101458267345 -37.86614862995078)
-38.02367329161314,145.01935916377948,52,POINT (145.01935916377948 -38.02367329161314)
-37.941615263865316,145.10866434183572,3,POINT (145.10866434183572 -37.941615263865316)
-37.814153320901895,144.99947253981793,52,POINT (144.99947253981793 -37.814153320901895)
-37.80951259080766,144.9106936813078,69,POINT (144.9106936813078 -37.80951259080766)
-37.946326754561106,144.9350607009812,12,POINT (144.9350607009812 -37.946326754561106)
-38.02373884416174,144.55856977932208,19,POINT (144.55856977932208 -38.02373884416174)
-38.029287857478366,144.96707144989227,82,POINT (144.96707144989227 -38.029287857478366)
-37.96748528164922,145.07644489403143,10,POINT (145.07644489403143 -37.96748528164922)
-37.88849042953271,144.9838453797486,16,POINT (144.9838453797486 -37.88849042953271)
-37.8629203927298,145.11921811998351,14,POINT (145.11921811998351 -37.8629203927298)
-38.024832599358,145.01681748601845,47,POINT (145.01681748601845 -38.024832599358)
-37.951678907039614,145.09783823850105,2,POINT (145.09783823850105 -37.951678907039614)
-37.840141903495145,145.16852786261535,40,POINT (145.16852786261535 -37.840141903495145)
-38.03194483716771,144.8085814324352,43,POINT (144.8085814324352 -38.03194483716771)
-38.0643735046793,145.09091592579733,33,POINT (145.09091592579733 -38.0643735046793)
-37.89555203413191,145.12418975876867,5,POINT (145.12418975876867 -37.89555203413191)
-37.929912695062306,144.76040541341493,22,POINT (144.76040541341493 -37.929912695062306)
-38.00409515435099,144.89015382298396,95,POINT (144.89015382298396 -38.00409515435099)
-38.017575822974415,145.17958178516952,40,POINT (145.17958178516952 -38.017575822974415)
-38.011144385209775,145.13342694764052,88,POINT (145.13342694764052 -38.011144385209775)
-37.86316341337593,144.7637698378678,31,POINT (144.7637698378678 -37.86316341337593)
-37.7716220599725,144.8198858121572,5,POINT (144.8198858121572 -37.7716220599725)
-37.890903654390996,144.9551195031869,65,POINT (144.9551195031869 -37.890903654390996)
-37.931879463829794,144.77177724205006,75,POINT (144.77177724205006 -37.931879463829794)
-37.905319870007844,144.8707397414264,48,POINT (144.8707397414264 -37.905319870007844)
-37.864700473760905,145.0346318244037,2,POINT (145.0346318244037 -37.864700473760905)
-37.944958195378724,144.99057923156585,91,POINT (144.99057923156585 -37.944958195378724)
-38.04566121746497,144.85571046931295,11,POINT (144.85571046931295 -38.04566121746497)
-37.89569205508709,145.00094912815283,18,POINT (145.00094912815283 -37.89569205508709)
-37.99987981114721,144.93010321266527,74,POINT (144.93010321266527 -37.99987981114721)
-37.976302036015085,144.80395723318824,36,POINT (144.80395723318824 -37.976302036015085)
-37.8795744111184,145.0322010920973,89,POINT (145.0322010920973 -37.8795744111184)
-37.95880010755836,144.89254997939128,80,POINT (144.89254997939128 -37.95880010755836)
-37.90568255140998,144.79902439648018,92,POINT (144.79902439648018 -37.90568255140998)
-37.952480618694935,144.83782146081214,89,POINT (144.83782146081214 -37.952480618694935)
-37.79875202649788,145.1403618594031,23,POINT (145.1403618594031 -37.79875202649788)
-37.96841936027422,145.2131174043345,43,POINT (145.2131174043345 -37.96841936027422)
-37.941100749927934,144.75233996604368,43,POINT (144.75233996604368 -37.941100749927934)
-37.81681546470056,145.11969954162993,31,POINT (145.11969954162993 -37.81681546470056)
-38.02516966745408,145.2137314698867,2,POINT (145.2137314698867 -38.02516966745408)
-37.89456608766566,144.8744539205808,87,POINT (144.8744539205808 -37.89456608766566)
-38.07658926166071,145.04830103850344,65,POINT (145.04830103850344 -38.07658926166071)
-37.71125600778746,145.13362734539487,14,POINT (145.13362734539487 -37.71125600778746)
-37.88721624614731,145.07110555935196,73,POINT (145.07110555935196 -37.88721624614731)
-37.90119416504444,144.96423219010055,93,POINT (144.96423219010055 -37.90119416504444)
-37.9726168838753,145.05412728977552,53,POINT (145.05412728977552 -37.9726168838753)
-37.99804452008435,144.75179931481134,46,POINT (144.75179931481134 -37.99804452008435)
-37.981644410461314,144.8922271810106,60,POINT (144.8922271810106 -37.981644410461314)
-37.88537010207036,145.04751251667676,8,POINT (145.04751251667676 -37.88537010207036)
-37.739807589606826,144.59154373991697,14,POINT (144.59154373991697 -37.739807589606826)
-37.713677617482055,145.05712779219087,38,POINT (145.05712779219087 -37.713677617482055)
-37.789186304458134,144.79647144593432,71,POINT (144.79647144593432 -37.789186304458134)
-38.086534919691175,145.00001234146612,83,POINT (145.00001234146612 -38.086534919691175)
-37.95135450509842,144.60806619587498,30,POINT (144.60806619587498 -37.95135450509842)
-38.00202166836554,144.99159929523546,33,POINT (144.99159929523546 -38.00202166836554)
-37.87145474444283,144.8956509080636,27,POINT (144.8956509080636 -37.87145474444283)
-37.87864941168598,144.76669121456618,38,POINT (144.76669121456618 -37.87864941168598)
-37.75637296267444,144.93094933842502,91,POINT (144.93094933842502 -37.75637296267444)
-38.05016423125208,144.75193041751274,15,POINT (144.75193041751274 -38.05016423125208)
-37.992304358841906,144.9967532379266,67,POINT (144.9967532379266 -37.992304358841906)
-37.86562389184294,145.06168151468395,42,POINT (145.06168151468395 -37.86562389184294)
-37.8181443378042,145.0708855869394,69,POINT (145.0708855869394 -37.8181443378042)
-37.85095021783077,144.79757160293912,24,POINT (144.79757160293912 -37.85095021783077)
-37.85802711506271,144.94597027436217,5,POINT (144.94597027436217 -37.85802711506271)
-37.97545478133742,145.14998891482145,38,POINT (145.14998891482145 -37.97545478133742)
-37.893542143405,144.9815507892944,99,POINT (144.9815507892944 -37.893542143405)
-37.98974802982228,145.11202501258052,64,POINT (145.11202501258052 -37.98974802982228)
-37.84739554627159,144.88662411623616,31,POINT (144.88662411623616 -37.84739554627159)
-37.95770429672929,144.8777547577347,60,POINT (144.8777547577347 -37.95770429672929)
-37.912470595862224,145.22186139074918,65,POINT (145.22186139074918 -37.912470595862224)
-37.80141333260482,144.7846808757606,20,POINT (144.7846808757606 -37.80141333260482)
-37.88434399589226,144.8906701893841,62,POINT (144.8906701893841 -37.88434399589226)
-38.02771949277134,145.03289918600075,64,POINT (145.03289918600075 -38.02771949277134)
-37.85929952168815,145.0886562403319,63,POINT (145.0886562403319 -37.85929952168815)
-37.78437446685052,144.9791958934223,55,POINT (144.9791958934223 -37.78437446685052)
-37.92394953085027,144.90514604191858,99,POINT (144.90514604191858 -37.92394953085027)
-37.89551514828353,144.74987616842054,50,POINT (144.74987616842054 -37.89551514828353)
-37.92326515245579,145.09692748460714,25,POINT (145.09692748460714 -37.92326515245579)
-38.04158826077423,144.864665723318,72,POINT (144.864665723318 -38.04158826077423)
-38.00818693794878,144.94748717783918,28,POINT (144.94748717783918 -38.00818693794878)
-37.80587143801319,144.99172941908472,0,POINT (144.99172941908472 -37.80587143801319)
-37.92122956844636,144.60561044889351,44,POINT (144.60561044889351 -37.92122956844636)
-37.82484829768117,144.93623003621138,17,POINT (144.93623003621138 -37.82484829768117)
-37.997362623916544,145.12101674017066,56,POINT (145.12101674017066 -37.997362623916544)
-37.925655698141405,145.21913811613217,80,POINT (145.21913811613217 -37.925655698141405)
-37.85627092142603,145.0350367557338,42,POINT (145.0350367557338 -37.85627092142603)
-38.035422990071986,145.09431475266427,52,POINT (145.09431475266427 -38.035422990071986)
-37.983103226479365,145.1516265317585,54,POINT (145.1516265317585 -37.983103226479365)
-37.7951626419574,144.765016608963,14,POINT (144.765016608963 -37.7951626419574)
-37.85632985577043,144.83228365841586,80,POINT (144.83228365841586 -37.85632985577043)
-37.863401523729344,145.0841055668373,74,POINT (145.0841055668373 -37.863401523729344)
-37.8886003292405,144.87039805910032,5,POINT (144.87039805910032 -37.8886003292405)
-38.04421540716794,145.0466058369148,4,POINT (145.0466058369148 -38.04421540716794)
-37.974543529427294,144.5951500299445,30,POINT (144.5951500299445 -37.974543529427294)
-38.06098979681025,144.76887692917364,7,POINT (144.76887692917364 -38.06098979681025)
-37.929203803414346,144.90758379356308,33,POINT (144.90758379356308 -37.929203803414346)
-38.02482735196001,145.20270671976758,26,POINT (145.20270671976758 -38.02482735196001)
-38.06389355899692,144.78945847849138,96,POINT (144.78945847849138 -38.06389355899692)
-38.01976004073064,145.00182783673395,40,POINT (145.00182783673395 -38.01976004073064)
-37.72999652321169,145.05109464995786,53,POINT (145.05109464995786 -37.72999652321169)
-37.954760226447526,144.9579189862308,72,POINT (144.9579189862308 -37.954760226447526)
-37.873715253688566,144.7503860674537,53,POINT (144.7503860674537 -37.873715253688566)
-38.008373241083014,145.17521868397475,58,POINT (145.17521868397475 -38.008373241083014)
-37.80648577561917,145.07155688360032,69,POINT (145.07155688360032 -37.80648577561917)
-37.92124203133456,145.1790055707364,66,POINT (145.1790055707364 -37.92124203133456)
-37.880103064971244,145.18016858121192,70,POINT (145.18016858121192 -37.880103064971244)
-37.779787017190586,144.63114127301597,63,POINT (144.63114127301597 -37.779787017190586)
-37.86993944657707,145.304995676936,74,POINT (145.304995676936 -37.86993944657707)
-37.878624916460716,144.54372744211463,66,POINT (144.54372744211463 -37.878624916460716)
-37.839060871746966,144.79843431706107,29,POINT (144.79843431706107 -37.839060871746966)
-37.903426008107786,145.02108356496416,9,POINT (145.02108356496416 -37.903426008107786)
-38.162058421071386,144.83562905601696,78,POINT (144.83562905601696 -38.162058421071386)
-37.88712353470115,145.1194421360776,93,POINT (145.1194421360776 -37.88712353470115)
-37.850039866159946,144.98194896547977,18,POINT (144.98194896547977 -37.850039866159946)
-37.88545247027165,144.9730157716391,48,POINT (144.9730157716391 -37.88545247027165)
-37.95759672579697,145.16107509158422,24,POINT (145.16107509158422 -37.95759672579697)
-37.831962033414754,144.88781690606478,87,POINT (144.88781690606478 -37.831962033414754)
-37.871858032149994,144.9839105224355,55,POINT (144.9839105224355 -37.871858032149994)
-37.895966028013426,145.0456071873955,95,POINT (145.0456071873955 -37.895966028013426)
-37.929930110167845,145.2245136903393,79,POINT (145.2245136903393 -37.929930110167845)
-37.84823762326971,145.08008108442752,82,POINT (145.08008108442752 -37.84823762326971)
-37.86508593140253,145.0555551123617,95,POINT (145.0555551123617 -37.86508593140253)
-37.85549773737734,145.2362540844349,27,POINT (145.2362540844349 -37.85549773737734)
-37.92504348911931,144.78778018024963,36,POINT (144.78778018024963 -37.92504348911931)
-37.95896060763364,145.1676023829593,11,POINT (145.1676023829593 -37.95896060763364)
-37.86587513120675,144.95926553031336,29,POINT (144.95926553031336 -37.86587513120675)
-37.950516379316674,144.79632187191606,55,POINT (144.79632187191606 -37.950516379316674)
-37.937429846374116,144.90682019152638,56,POINT (144.90682019152638 -37.937429846374116)
-37.92907814578932,145.18923942110797,40,POINT (145.18923942110797 -37.92907814578932)
-37.93399418983664,144.97784418668363,19,POINT (144.97784418668363 -37.93399418983664)
-37.81987349104828,144.95126869749143,62,POINT (144.95126869749143 -37.81987349104828)
-37.96902883807015,145.28891578181887,51,POINT (145.28891578181887 -37.96902883807015)
-37.966211152864034,145.0236958445996,36,POINT (145.0236958445996 -37.966211152864034)
-37.83565864037866,145.18909247783085,48,POINT (145.18909247783085 -37.83565864037866)
-37.909423375436305,145.1112239314054,83,POINT (145.1112239314054 -37.909423375436305)
-38.009676213340605,144.891732355624,81,POINT (144.891732355624 -38.009676213340605)
-37.802277928689165,144.81074728785453,68,POINT (144.81074728785453 -37.802277928689165)
-37.83468387432922,144.94513043242534,91,POINT (144.94513043242534 -37.83468387432922)
-38.0090640395432,144.94161309646606,62,POINT (144.94161309646606 -38.0090640395432)
-38.135662311602424,145.2370430405292,46,POINT (145.2370430405292 -38.135662311602424)
-38.049408520682725,144.98906132730355,65,POINT (144.98906132730355 -38.049408520682725)
-38.092131966230944,144.98276106203176,21,POINT (144.98276106203176 -38.092131966230944)
-37.920066874823235,144.95697475319525,70,POINT (144.95697475319525 -37.920066874823235)
-38.113356975341716,144.9178929398227,48,POINT (144.9178929398227 -38.113356975341716)
-37.97669598721683,145.13879108033194,85,POINT (145.13879108033194 -37.97669598721683)
-37.85393932113861,145.17525995954605,2,POINT (145.17525995954605 -37.85393932113861)
-37.80307047414718,145.30286357116105,20,POINT (145.30286357116105 -37.80307047414718)
-37.82423667178117,145.04795602982432,3,POINT (145.04795602982432 -37.82423667178117)
-37.782829829082125,144.94357922142694,68,POINT (144.94357922142694 -37.782829829082125)
-38.00246738039057,144.9674620787227,28,POINT (144.9674620787227 -38.00246738039057)
-37.925979421160925,144.81052937775866,42,POINT (144.81052937775866 -37.925979421160925)
-37.843204836526546,144.77292921721306,93,POINT (144.77292921721306 -37.843204836526546)
-37.900452963602426,145.0749170150659,44,POINT (145.0749170150659 -37.900452963602426)
-37.911255495225426,144.82299260031533,45,POINT (144.82299260031533 -37.911255495225426)
-37.94751790821294,145.1417639579363,13,POINT (145.1417639579363 -37.94751790821294)
-37.99831222308759,144.89189055782825,4,POINT (144.89189055782825 -37.99831222308759)
-37.90496302534698,144.95230067148853,5,POINT (144.95230067148853 -37.90496302534698)
-37.911189998774766,145.00617153871013,67,POINT (145.00617153871013 -37.911189998774766)
-38.002310199055145,144.6673241823306,22,POINT (144.6673241823306 -38.002310199055145)
-38.031826371233954,145.105715581236,66,POINT (145.105715581236 -38.031826371233954)
-37.92574011121015,144.9743629045825,63,POINT (144.9743629045825 -37.92574011121015)
-37.915922755998636,144.6944938072121,80,POINT (144.6944938072121 -37.915922755998636)
-37.8316332133112,145.2221168840354,43,POINT (145.2221168840354 -37.8316332133112)
-37.9577575384888,144.88895332812763,32,POINT (144.88895332812763 -37.9577575384888)
-37.85634011086912,144.6758059005498,59,POINT (144.6758059005498 -37.85634011086912)
-37.86505953110182,144.98772068763793,71,POINT (144.98772068763793 -37.86505953110182)
-37.88569532332963,145.0029506524978,50,POINT (145.0029506524978 -37.88569532332963)
-37.89407135419876,145.16194690506302,54,POINT (145.16194690506302 -37.89407135419876)
-37.888525618655976,144.93149489452028,29,POINT (144.93149489452028 -37.888525618655976)
-37.79714204674334,145.27370748192652,96,POINT (145.27370748192652 -37.79714204674334)
-37.89746862573699,144.69296478897485,38,POINT (144.69296478897485 -37.89746862573699)
-37.85914924134408,144.7850263100356,66,POINT (144.7850263100356 -37.85914924134408)
-37.98231490721617,145.09303326857463,9,POINT (145.09303326857463 -37.98231490721617)
-37.989794233356996,145.19582265039966,54,POINT (145.19582265039966 -37.989794233356996)
-38.05486683554754,144.7262149832731,4,POINT (144.7262149832731 -38.05486683554754)
-37.79334417658726,144.91852807738087,83,POINT (144.91852807738087 -37.79334417658726)
-37.819033597563596,144.97188350150967,43,POINT (144.97188350150967 -37.819033597563596)
-37.8845771511461,145.27177492635988,13,POINT (145.27177492635988 -37.8845771511461)
-37.79519438210234,145.01761465095115,42,POINT (145.01761465095115 -37.79519438210234)
-38.082788325013304,145.21007371203618,49,POINT (145.21007371203618 -38.082788325013304)
-37.92050378683248,145.08313235441113,81,POINT (145.08313235441113 -37.92050378683248)
-37.897030823887384,145.00680735954472,92,POINT (145.00680735954472 -37.897030823887384)
-37.913878030951885,145.24644221013065,92,POINT (145.24644221013065 -37.913878030951885)
-37.88456963774267,145.1354271782912,38,POINT (145.1354271782912 -37.88456963774267)
-37.952249929373465,144.99472443269823,67,POINT (144.99472443269823 -37.952249929373465)
-37.76534696309323,144.88516381156504,16,POINT (144.88516381156504 -37.76534696309323)
-37.94706628384135,145.02628481769605,62,POINT (145.02628481769605 -37.94706628384135)
-37.91859533230579,144.72352923646926,73,POINT (144.72352923646926 -37.91859533230579)
-38.0140085326551,144.86556065204195,36,POINT (144.86556065204195 -38.0140085326551)
-37.97479227395504,144.77234232082236,20,POINT (144.77234232082236 -37.97479227395504)
-37.930825869731414,144.9410948283865,52,POINT (144.9410948283865 -37.930825869731414)
-37.829484756382534,145.00720119042205,89,POINT (145.00720119042205 -37.829484756382534)
-37.94028963625994,145.2015173794499,6,POINT (145.2015173794499 -37.94028963625994)
-37.87860436079083,144.71595834105997,15,POINT (144.71595834105997 -37.87860436079083)
-37.85606051206759,145.04412140482964,30,POINT (145.04412140482964 -37.85606051206759)
-37.83216501262899,145.25202848668357,8,POINT (145.25202848668357 -37.83216501262899)
-38.057207507519195,145.2735896708953,9,POINT (145.2735896708953 -38.057207507519195)
-37.93146685582682,145.0098240823684,61,POINT (145.0098240823684 -37.93146685582682)
-37.987424118186006,145.1485736492734,61,POINT (145.1485736492734 -37.987424118186006)
-37.84079473282784,145.29936814867284,38,POINT (145.29936814867284 -37.84079473282784)
-37.90744913749547,145.00284385093758,8,POINT (145.00284385093758 -37.90744913749547)
-37.84074427479941,145.17370289726577,97,POINT (145.17370289726577 -37.84074427479941)
-37.87687314762272,144.83955197782086,92,POINT (144.83955197782086 -37.87687314762272)
-38.02642410904263,144.64232303040384,60,POINT (144.64232303040384 -38.02642410904263)
-37.89575503696116,145.01289454256337,56,POINT (145.01289454256337 -37.89575503696116)
-37.8487993914497,145.29466999426904,21,POINT (145.29466999426904 -37.8487993914497)
-37.80941802769234,145.12744608827578,9,POINT (145.12744608827578 -37.80941802769234)
-37.93780133460371,145.09345406976507,89,POINT (145.09345406976507 -37.93780133460371)
-37.86524628842241,145.04425879847167,13,POINT (145.04425879847167 -37.86524628842241)
-37.9184963589364,144.78683837140792,12,POINT (144.78683837140792 -37.9184963589364)
-37.914127236557434,145.1149873989256,77,POINT (145.1149873989256 -37.914127236557434)
-38.01698602503223,144.87699307129787,18,POINT (144.87699307129787 -38.01698602503223)
-37.95716500481569,145.09988076341762,37,POINT (145.09988076341762 -37.95716500481569)
-37.95088318413448,144.95818721954623,28,POINT (144.95818721954623 -37.95088318413448)
-38.037452530996454,145.027113580687,20,POINT (145.027113580687 -38.037452530996454)
-37.854983062091065,144.9929722165564,78,POINT (144.9929722165564 -37.854983062091065)
-37.947775274928276,144.71952447315275,11,POINT (144.71952447315275 -37.947775274928276)
-38.01303375613315,144.84976772493843,49,POINT (144.84976772493843 -38.01303375613315)
-37.85539556671789,145.0916282461433,77,POINT (145.0916282461433 -37.85539556671789)
-37.9082203778225,144.87326188329035,95,POINT (144.87326188329035 -37.9082203778225)
-37.99091070615703,145.02700754110032,75,POINT (145.02700754110032 -37.99091070615703)
-37.78146275629061,144.76596659816997,47,POINT (144.76596659816997 -37.78146275629061)
-37.79156783601219,145.3176544677781,96,POINT (145.3176544677781 -37.79156783601219)
-37.816311445276966,145.03633417221255,31,POINT (145.03633417221255 -37.816311445276966)
-37.99471115007654,144.96584966604098,2,POINT (144.96584966604098 -37.99471115007654)
-37.9197687252879,144.86229095780803,12,POINT (144.86229095780803 -37.9197687252879)
-37.847912474183346,144.97681197031858,87,POINT (144.97681197031858 -37.847912474183346)
-37.90669369985352,144.82684672829387,89,POINT (144.82684672829387 -37.90669369985352)
-37.82271010427798,145.0836175097681,50,POINT (145.0836175097681 -37.82271010427798)
-37.93568365223124,145.27461605819295,68,POINT (145.27461605819295 -37.93568365223124)
-37.83247293642684,145.13547228269786,71,POINT (145.13547228269786 -37.83247293642684)
-37.778324517252614,144.79939498636708,88,POINT (144.79939498636708 -37.778324517252614)
-37.994142940764874,145.00913372483177,87,POINT (145.00913372483177 -37.994142940764874)
-37.89741191571076,144.9781996572724,51,POINT (144.9781996572724 -37.89741191571076)
-37.81479558935939,145.29529795895232,52,POINT (145.29529795895232 -37.81479558935939)
-37.83182590268612,145.28975162780716,33,POINT (145.28975162780716 -37.83182590268612)
-38.04409887125561,144.99358004194877,13,POINT (144.99358004194877 -38.04409887125561)
-37.82503406637837,144.99621979619855,90,POINT (144.99621979619855 -37.82503406637837)
-37.9207920581086,144.94690738663564,35,POINT (144.94690738663564 -37.9207920581086)
-37.93504862814531,144.70435498118107,12,POINT (144.70435498118107 -37.93504862814531)
-37.946827066433364,145.04647790177907,16,POINT (145.04647790177907 -37.946827066433364)
-37.81805579573068,145.0030654320277,2,POINT (145.0030654320277 -37.81805579573068)
-37.94170426665661,145.3073837784248,85,POINT (145.3073837784248 -37.94170426665661)
-37.99630401222704,144.69007755263326,60,POINT (144.69007755263326 -37.99630401222704)
-37.99269213535467,145.10225881911703,84,POINT (145.10225881911703 -37.99269213535467)
-37.85183162245768,144.99884378687395,20,POINT (144.99884378687395 -37.85183162245768)
-37.945696008134945,144.985689166861,45,POINT (144.985689166861 -37.945696008134945)
-38.06027073224211,144.76744008291803,98,POINT (144.76744008291803 -38.06027073224211)
-37.92827670625287,145.13293808573857,13,POINT (145.13293808573857 -37.92827670625287)
-37.784296755743604,145.33482315483315,84,POINT (145.33482315483315 -37.784296755743604)
-37.83258587742304,144.86632527067573,74,POINT (144.86632527067573 -37.83258587742304)
-37.974056600147335,144.8892639063195,93,POINT (144.8892639063195 -37.974056600147335)
-38.01604267934433,144.76172675443803,52,POINT (144.76172675443803 -38.01604267934433)
-37.8176648449618,145.13423223829912,75,POINT (145.13423223829912 -37.8176648449618)
-37.85462218398905,144.89837170664947,59,POINT (144.89837170664947 -37.85462218398905)
-37.82660584971047,144.85160009527547,19,POINT (144.85160009527547 -37.82660584971047)
-37.99547723070103,144.7416646360659,56,POINT (144.7416646360659 -37.99547723070103)
-37.93731616927249,144.9082130402155,25,POINT (144.9082130402155 -37.93731616927249)
-37.88417161398757,144.8208712330004,11,POINT (144.8208712330004 -37.88417161398757)
-37.801117140246284,145.07786829062323,84,POINT (145.07786829062323 -37.801117140246284)
-37.92898322272767,144.9273840765269,60,POINT (144.9273840765269 -37.92898322272767)
-37.86968345418472,144.80601864534583,44,POINT (144.80601864534583 -37.86968345418472)
-38.05399818905056,144.79998465052276,87,POINT (144.79998465052276 -38.05399818905056)
-37.96447748873764,145.06378835405417,42,POINT (145.06378835405417 -37.96447748873764)
-37.74943290149474,144.85910534063052,60,POINT (144.85910534063052 -37.74943290149474)
-37.95704476845766,145.23393652593063,29,POINT (145.23393652593063 -37.95704476845766)
-37.91741712262243,145.2556457861489,99,POINT (145.2556457861489 -37.91741712262243)
-37.902244470362895,144.88678647081565,17,POINT (144.88678647081565 -37.902244470362895)
-37.83650107174709,145.07307236199802,40,POINT (145.07307236199802 -37.83650107174709)
-37.822778701890094,144.95986531087206,14,POINT (144.95986531087206 -37.822778701890094)
-37.93118121162957,144.94282066279644,59,POINT (144.94282066279644 -37.93118121162957)
-38.00740388084838,145.0664435738867,42,POINT (145.0664435738867 -38.00740388084838)
-37.99667145135348,144.992184550124,28,POINT (144.992184550124 -37.99667145135348)
-37.93057303247509,145.0097975830106,33,POINT (145.0097975830106 -37.93057303247509)
-38.05831763787742,144.99397426729607,97,POINT (144.99397426729607 -38.05831763787742)
-38.01247556956687,144.94774589929904,9,POINT (144.94774589929904 -38.01247556956687)
-37.99749344000374,145.05275519809658,43,POINT (145.05275519809658 -37.99749344000374)
-37.99351277084086,144.99371623483256,51,POINT (144.99371623483256 -37.99351277084086)
-37.733308344975356,144.86395382724837,2,POINT (144.86395382724837 -37.733308344975356)
-38.03393501621347,144.83509095120917,55,POINT (144.83509095120917 -38.03393501621347)
-38.01468358481269,145.33869496357903,45,POINT (145.33869496357903 -38.01468358481269)
-37.77884798498061,145.09269116959985,39,POINT (145.09269116959985 -37.77884798498061)
-38.01883403982507,145.09799211182508,21,POINT (145.09799211182508 -38.01883403982507)
-38.042776971745276,144.7551330773356,55,POINT (144.7551330773356 -38.042776971745276)
-37.88360074478819,144.95734694794945,65,POINT (144.95734694794945 -37.88360074478819)
-37.951556094485,144.48780207021622,90,POINT (144.48780207021622 -37.951556094485)
-38.08217926896,144.93788623275378,77,POINT (144.93788623275378 -38.08217926896)
-38.01198395755561,144.92847411426362,83,POINT (144.92847411426362 -38.01198395755561)
-37.96088258283181,145.19609436627215,66,POINT (145.19609436627215 -37.96088258283181)
-37.7874440640658,144.93841663589532,1,POINT (144.93841663589532 -37.7874440640658)
-38.02323215322991,144.86861170474336,90,POINT (144.86861170474336 -38.02323215322991)
-37.955089885141675,144.9533474131274,96,POINT (144.9533474131274 -37.955089885141675)
-38.048974872082745,144.74707203140838,10,POINT (144.74707203140838 -38.048974872082745)
-38.0808298965317,144.7986049531674,48,POINT (144.7986049531674 -38.0808298965317)
-37.91176802318063,144.99883117476176,81,POINT (144.99883117476176 -37.91176802318063)
-37.87008726898559,145.03934866920517,56,POINT (145.03934866920517 -37.87008726898559)
-37.966861608776,145.1145776569133,96,POINT (145.1145776569133 -37.966861608776)
-37.87054411365067,144.9574110271177,13,POINT (144.9574110271177 -37.87054411365067)
-37.83422018077811,145.12901940449265,96,POINT (145.12901940449265 -37.83422018077811)
-37.957680145557376,145.17928881642862,59,POINT (145.17928881642862 -37.957680145557376)
-37.795020119508344,144.80746017078434,17,POINT (144.80746017078434 -37.795020119508344)
-37.87473555181564,145.09914595731567,40,POINT (145.09914595731567 -37.87473555181564)
-37.93812407434093,145.10682267131457,0,POINT (145.10682267131457 -37.93812407434093)
-37.91731395809897,145.1284737100643,59,POINT (145.1284737100643 -37.91731395809897)
-38.15120504028492,145.0402105618022,22,POINT (145.0402105618022 -38.15120504028492)
-38.1060535086668,145.1534662788726,74,POINT (145.1534662788726 -38.1060535086668)
-37.95988424852033,144.9214476747944,13,POINT (144.9214476747944 -37.95988424852033)
-38.01171655215797,145.37948536993176,9,POINT (145.37948536993176 -38.01171655215797)
-37.902540524537166,144.9067928842684,48,POINT (144.9067928842684 -37.902540524537166)
-37.88539517665345,144.7282850415687,34,POINT (144.7282850415687 -37.88539517665345)
-37.97784446819159,145.169833291464,59,POINT (145.169833291464 -37.97784446819159)
-37.86037314642678,145.0026295104211,71,POINT (145.0026295104211 -37.86037314642678)
-38.0730610695708,144.97025050822123,40,POINT (144.97025050822123 -38.0730610695708)
-37.88924959477869,144.7527910684448,15,POINT (144.7527910684448 -37.88924959477869)
-37.98656915993289,145.2223183643898,1,POINT (145.2223183643898 -37.98656915993289)
-37.86217163301162,144.87020161548452,65,POINT (144.87020161548452 -37.86217163301162)
-37.82022536428394,144.87390551522032,84,POINT (144.87390551522032 -37.82022536428394)
-37.879834230178986,145.0240088782257,84,POINT (145.0240088782257 -37.879834230178986)
-37.92680822683911,145.16457048585656,74,POINT (145.16457048585656 -37.92680822683911)
-37.919437897474914,144.72592852257472,24,POINT (144.72592852257472 -37.919437897474914)
-37.9410314310663,144.97748923554246,62,POINT (144.97748923554246 -37.9410314310663)
-37.887780839911066,144.6736002764639,83,POINT (144.6736002764639 -37.887780839911066)
-37.8649665279986,144.79141757757498,29,POINT (144.79141757757498 -37.8649665279986)
-37.89437725354406,144.9234296039514,21,POINT (144.9234296039514 -37.89437725354406)
-37.88159459939641,145.13620111511037,81,POINT (145.13620111511037 -37.88159459939641)
-37.92090353774713,144.79226884891543,7,POINT (144.79226884891543 -37.92090353774713)
-37.858062055272924,145.28881856927885,89,POINT (145.28881856927885 -37.858062055272924)
-37.86907812964244,145.31853151358925,26,POINT (145.31853151358925 -37.86907812964244)
-37.99726868415044,144.9599189515246,93,POINT (144.9599189515246 -37.99726868415044)
-37.89901455459319,144.81541505642323,9,POINT (144.81541505642323 -37.89901455459319)
-37.98073963139721,145.32746200663072,61,POINT (145.32746200663072 -37.98073963139721)
-37.991843901782126,145.34511316477665,29,POINT (145.34511316477665 -37.991843901782126)
-37.84753155847558,144.99098393119732,96,POINT (144.99098393119732 -37.84753155847558)
-37.88902592690889,145.05021507393778,57,POINT (145.05021507393778 -37.88902592690889)
-37.96944654560213,145.24681638722072,66,POINT (145.24681638722072 -37.96944654560213)
-37.52980086431746,144.75473027046274,36,POINT (144.75473027046274 -37.52980086431746)
-37.92406559056026,145.06186778269588,77,POINT (145.06186778269588 -37.92406559056026)
-37.99343388046295,145.30201609552472,34,POINT (145.30201609552472 -37.99343388046295)
-37.904186277317,144.99362853995862,31,POINT (144.99362853995862 -37.904186277317)
-37.87656680710102,145.03573928791283,85,POINT (145.03573928791283 -37.87656680710102)
-37.96485514705848,144.97850711272167,50,POINT (144.97850711272167 -37.96485514705848)
-37.958962958623886,145.18147156131076,71,POINT (145.18147156131076 -37.958962958623886)
-37.949967194529044,144.94554095040843,37,POINT (144.94554095040843 -37.949967194529044)
-37.94221767401428,144.88313694274626,24,POINT (144.88313694274626 -37.94221767401428)
-37.87774228951007,144.93583929915064,33,POINT (144.93583929915064 -37.87774228951007)
-37.989652100993105,145.06119538632822,69,POINT (145.06119538632822 -37.989652100993105)
-37.980044948054015,144.75372975048276,19,POINT (144.75372975048276 -37.980044948054015)
-37.9452409480825,145.05627194149395,87,POINT (145.05627194149395 -37.9452409480825)
-37.859469359023116,145.03342027580757,62,POINT (145.03342027580757 -37.859469359023116)
-38.01834395218478,145.014180781528,1,POINT (145.014180781528 -38.01834395218478)
-37.819835670885986,145.05195006813082,76,POINT (145.05195006813082 -37.819835670885986)
-37.99939268988977,145.18723273327257,40,POINT (145.18723273327257 -37.99939268988977)
-37.9443078912146,144.81785679751758,63,POINT (144.81785679751758 -37.9443078912146)
-37.85479539399024,144.90912616271922,15,POINT (144.90912616271922 -37.85479539399024)
-37.96442465207566,145.25877794222967,5,POINT (145.25877794222967 -37.96442465207566)
-38.026805829194956,144.89385138336897,73,POINT (144.89385138336897 -38.026805829194956)
-37.86567748133034,144.97139365546184,83,POINT (144.97139365546184 -37.86567748133034)
-37.997938838687965,145.10243518160019,65,POINT (145.10243518160019 -37.997938838687965)
-37.83493009782257,145.024560051088,22,POINT (145.024560051088 -37.83493009782257)
-37.938641680479435,144.7007683762518,97,POINT (144.7007683762518 -37.938641680479435)
-38.12360329627071,145.02560435210395,56,POINT (145.02560435210395 -38.12360329627071)
-37.79564266380162,145.1326999218315,98,POINT (145.1326999218315 -37.79564266380162)
-37.91764817234143,144.83384021681948,29,POINT (144.83384021681948 -37.91764817234143)
-37.85244727325213,145.0198165461751,69,POINT (145.0198165461751 -37.85244727325213)
-37.98626222540069,144.96195755091688,30,POINT (144.96195755091688 -37.98626222540069)
-38.09666230530971,145.12374664914697,73,POINT (145.12374664914697 -38.09666230530971)
-37.650839221896234,145.0937686637737,24,POINT (145.0937686637737 -37.650839221896234)
-37.96639278646812,145.03736305031353,78,POINT (145.03736305031353 -37.96639278646812)
-37.94786331397958,145.01526071240713,98,POINT (145.01526071240713 -37.94786331397958)
-37.93821277470026,144.94114633773864,76,POINT (144.94114633773864 -37.93821277470026)
-37.82001930425236,145.08455965294903,57,POINT (145.08455965294903 -37.82001930425236)
-37.86816569897912,144.70317619928178,43,POINT (144.70317619928178 -37.86816569897912)
-37.98237203540845,144.73799422986457,38,POINT (144.73799422986457 -37.98237203540845)
-37.92425326512302,145.17511118626578,44,POINT (145.17511118626578 -37.92425326512302)
-37.96120019347698,144.80327200672866,27,POINT (144.80327200672866 -37.96120019347698)
-37.91290765277849,144.93772764802318,18,POINT (144.93772764802318 -37.91290765277849)
-37.875179821022634,144.57922473235243,56,POINT (144.57922473235243 -37.875179821022634)
-37.90282177620166,144.72003956414324,94,POINT (144.72003956414324 -37.90282177620166)
-37.93792615734155,145.1663076281286,72,POINT (145.1663076281286 -37.93792615734155)
-38.0092650478897,145.2593600910808,67,POINT (145.2593600910808 -38.0092650478897)
-37.97941218066065,145.05154163558487,63,POINT (145.05154163558487 -37.97941218066065)
-38.093289150056634,145.21996822033577,69,POINT (145.21996822033577 -38.093289150056634)
-37.820845768599234,145.0093035618555,47,POINT (145.0093035618555 -37.820845768599234)
-37.970243527931615,144.94024129294976,51,POINT (144.94024129294976 -37.970243527931615)
-37.89939889811157,145.06795493798168,58,POINT (145.06795493798168 -37.89939889811157)
-37.987513046938126,144.87958683844076,94,POINT (144.87958683844076 -37.987513046938126)
-37.89092684418767,145.0075795780514,34,POINT (145.0075795780514 -37.89092684418767)
-38.0176970008434,145.1248114672816,30,POINT (145.1248114672816 -38.0176970008434)
-37.88309965356338,145.014414799736,9,POINT (145.014414799736 -37.88309965356338)
-37.83218589674858,144.75347018201927,18,POINT (144.75347018201927 -37.83218589674858)
-37.88799123453299,144.7664923731712,50,POINT (144.7664923731712 -37.88799123453299)
-37.898937068468356,145.28496954915053,82,POINT (145.28496954915053 -37.898937068468356)
-37.89713100272232,144.99883424960134,67,POINT (144.99883424960134 -37.89713100272232)
-37.81126010672844,145.01611291100295,27,POINT (145.01611291100295 -37.81126010672844)
-37.9447432253524,145.0100903923967,15,POINT (145.0100903923967 -37.9447432253524)
-37.95330949495849,144.87676583175556,71,POINT (144.87676583175556 -37.95330949495849)
-37.923398222358195,144.8951449054055,38,POINT (144.8951449054055 -37.923398222358195)
-38.05001612736179,144.82543322000618,45,POINT (144.82543322000618 -38.05001612736179)
-38.07026791093628,145.0015986397231,46,POINT (145.0015986397231 -38.07026791093628)
-37.88617039583758,144.72177907349024,77,POINT (144.72177907349024 -37.88617039583758)
-37.94839943564333,145.0238381178861,91,POINT (145.0238381178861 -37.94839943564333)
-37.96795671670748,144.71866608529973,21,POINT (144.71866608529973 -37.96795671670748)
-37.990366877580044,144.7793210998919,56,POINT (144.7793210998919 -37.990366877580044)
-37.74082922630529,144.63781497969234,22,POINT (144.63781497969234 -37.74082922630529)
-37.784417094773886,144.62882297006425,72,POINT (144.62882297006425 -37.784417094773886)
-37.95821216241904,145.3417761310064,26,POINT (145.3417761310064 -37.95821216241904)
-38.06186050223995,144.78297718643498,54,POINT (144.78297718643498 -38.06186050223995)
-37.89372946531511,144.90759172504187,93,POINT (144.90759172504187 -37.89372946531511)
-37.9665570531652,145.07682731219683,30,POINT (145.07682731219683 -37.9665570531652)
-37.91705480537738,144.945571319118,9,POINT (144.945571319118 -37.91705480537738)
-37.92601025183852,144.84313138590355,91,POINT (144.84313138590355 -37.92601025183852)
-37.815259953902945,144.91305312658906,68,POINT (144.91305312658906 -37.815259953902945)
-37.97004135926317,144.86136355982532,85,POINT (144.86136355982532 -37.97004135926317)
-37.958165231663216,145.3943855415022,61,POINT (145.3943855415022 -37.958165231663216)
-37.849692726244896,145.11502280459044,5,POINT (145.11502280459044 -37.849692726244896)
-37.87007743137023,145.01627954695837,63,POINT (145.01627954695837 -37.87007743137023)
-37.911921127050725,144.76618195447452,29,POINT (144.76618195447452 -37.911921127050725)
-37.99130978941014,144.65951923508473,62,POINT (144.65951923508473 -37.99130978941014)
-37.848904272761615,144.70901275877992,40,POINT (144.70901275877992 -37.848904272761615)
-37.90915849594633,145.04295337339607,14,POINT (145.04295337339607 -37.90915849594633)
-38.05998604603167,144.82815144617328,50,POINT (144.82815144617328 -38.05998604603167)
-37.91462656698126,144.741939365809,8,POINT (144.741939365809 -37.91462656698126)
-37.91496497820912,145.15040650553942,72,POINT (145.15040650553942 -37.91496497820912)
-37.92564978823196,145.16588764660088,74,POINT (145.16588764660088 -37.92564978823196)
-38.092274563768505,145.13744401615628,50,POINT (145.13744401615628 -38.092274563768505)
-37.905079041039215,144.61796849477338,64,POINT (144.61796849477338 -37.905079041039215)
-37.904495488744416,144.81068269530476,49,POINT (144.81068269530476 -37.904495488744416)
-37.81433590186033,144.80759119162676,27,POINT (144.80759119162676 -37.81433590186033)
-37.905716043923505,145.1474977417961,27,POINT (145.1474977417961 -37.905716043923505)
-37.868065947815715,144.87365653857285,67,POINT (144.87365653857285 -37.868065947815715)
-37.92251241973056,145.04606715725453,1,POINT (145.04606715725453 -37.92251241973056)
-37.78795184559987,144.8594892464743,90,POINT (144.8594892464743 -37.78795184559987)
-37.73595074565321,144.81260074657848,40,POINT (144.81260074657848 -37.73595074565321)
-37.950872540994055,144.98473883161077,39,POINT (144.98473883161077 -37.950872540994055)
-38.088027792276456,144.970668770896,23,POINT (144.970668770896 -38.088027792276456)
-37.80930482593919,145.22123623020104,62,POINT (145.22123623020104 -37.80930482593919)
-37.83162028535706,145.04395456961012,0,POINT (145.04395456961012 -37.83162028535706)
-37.76329714740804,144.7459152646654,48,POINT (144.7459152646654 -37.76329714740804)
-37.88862737203679,144.76453798156962,40,POINT (144.76453798156962 -37.88862737203679)
-37.93847804902699,144.70142391111824,39,POINT (144.70142391111824 -37.93847804902699)
-37.875997847137064,145.06790244204336,48,POINT (145.06790244204336 -37.875997847137064)
-37.906047767362246,144.78748979659335,86,POINT (144.78748979659335 -37.906047767362246)
-37.71657639718188,145.18359535380173,99,POINT (145.18359535380173 -37.71657639718188)
-37.98235858974561,145.02792297276838,39,POINT (145.02792297276838 -37.98235858974561)
-37.97503471255383,145.0008685053361,32,POINT (145.0008685053361 -37.97503471255383)
-37.85072331618357,144.92703170884877,24,POINT (144.92703170884877 -37.85072331618357)
-37.873591802945725,144.76935405368306,14,POINT (144.76935405368306 -37.873591802945725)
-37.9999395343196,145.16150282142812,35,POINT (145.16150282142812 -37.9999395343196)
-37.73833393450308,144.8077065299549,98,POINT (144.8077065299549 -37.73833393450308)
-38.0279341118874,144.98969178478552,31,POINT (144.98969178478552 -38.0279341118874)
-37.87660655750118,145.03403596324233,70,POINT (145.03403596324233 -37.87660655750118)
-37.9839008943166,145.21060740149568,17,POINT (145.21060740149568 -37.9839008943166)
-37.87682492621907,144.9926214232752,44,POINT (144.9926214232752 -37.87682492621907)
-37.971819731864755,144.7992459781341,14,POINT (144.7992459781341 -37.971819731864755)
-37.881162061897,144.87863393760077,59,POINT (144.87863393760077 -37.881162061897)
-37.9419331812013,145.1657862710681,32,POINT (145.1657862710681 -37.9419331812013)
-37.75360123126441,144.90479852208966,24,POINT (144.90479852208966 -37.75360123126441)
-37.839742815600424,145.0583026533835,47,POINT (145.0583026533835 -37.839742815600424)
-37.96792868650665,144.66425917911567,6,POINT (144.66425917911567 -37.96792868650665)
-38.09211992513309,144.95452845260877,39,POINT (144.95452845260877 -38.09211992513309)
-37.914885134684404,144.98434000364196,62,POINT (144.98434000364196 -37.914885134684404)
-37.9262920736563,144.93847274688522,64,POINT (144.93847274688522 -37.9262920736563)
-37.91474079246598,144.83174662191107,35,POINT (144.83174662191107 -37.91474079246598)
-37.89505411521796,145.25374558048082,8,POINT (145.25374558048082 -37.89505411521796)
-37.96075238776323,145.2041059393232,41,POINT (145.2041059393232 -37.96075238776323)
-37.87837246678162,145.1993139550317,65,POINT (145.1993139550317 -37.87837246678162)
-37.82232733093002,145.0843705436237,8,POINT (145.0843705436237 -37.82232733093002)
-37.98358904191329,145.14960075795304,58,POINT (145.14960075795304 -37.98358904191329)
-37.78946400474756,144.99887295261047,74,POINT (144.99887295261047 -37.78946400474756)
-37.84914916226714,144.8596207207671,99,POINT (144.8596207207671 -37.84914916226714)
-37.84310395256876,144.9277573456378,54,POINT (144.9277573456378 -37.84310395256876)
-38.002087387765776,144.8341045499936,4,POINT (144.8341045499936 -38.002087387765776)
-38.03715984334103,145.00054689173652,15,POINT (145.00054689173652 -38.03715984334103)
-38.003709089819274,144.72151487153494,87,POINT (144.72151487153494 -38.003709089819274)
-37.907085624445486,145.34973314596812,99,POINT (145.34973314596812 -37.907085624445486)
-38.06409489567418,144.76781880592728,23,POINT (144.76781880592728 -38.06409489567418)
-37.829612365066865,145.00936722596995,18,POINT (145.00936722596995 -37.829612365066865)
-38.00472492813591,145.04724413500105,62,POINT (145.04724413500105 -38.00472492813591)
-37.757830584235194,145.31410293782344,1,POINT (145.31410293782344 -37.757830584235194)
-37.985956525035725,144.9372197155671,96,POINT (144.9372197155671 -37.985956525035725)
-37.91621280122254,144.9563948791106,95,POINT (144.9563948791106 -37.91621280122254)
-37.89125316100496,145.24196223655107,31,POINT (145.24196223655107 -37.89125316100496)
-37.76224049086195,145.16156188474196,64,POINT (145.16156188474196 -37.76224049086195)
-37.96760061998653,144.9281429589407,87,POINT (144.9281429589407 -37.96760061998653)
-37.8393476738018,145.0072094123301,57,POINT (145.0072094123301 -37.8393476738018)
-37.87756923188666,145.00673284333243,16,POINT (145.00673284333243 -37.87756923188666)
-37.90143904156988,145.0566734506005,93,POINT (145.0566734506005 -37.90143904156988)
-37.89285653532905,144.98633711056397,60,POINT (144.98633711056397 -37.89285653532905)
-37.84515793463798,144.8390117352128,43,POINT (144.8390117352128 -37.84515793463798)
-37.84239597383696,144.9366140674741,76,POINT (144.9366140674741 -37.84239597383696)
-37.85549178701008,145.0467310106591,61,POINT (145.0467310106591 -37.85549178701008)
-37.86839132813052,144.91797197364693,93,POINT (144.91797197364693 -37.86839132813052)
-37.98653509963727,145.10880313585307,82,POINT (145.10880313585307 -37.98653509963727)
-37.917526420191685,145.0071665896228,39,POINT (145.0071665896228 -37.917526420191685)
-38.02013730193309,145.02725138288747,53,POINT (145.02725138288747 -38.02013730193309)
-37.88704005592601,145.12227555837393,97,POINT (145.12227555837393 -37.88704005592601)
-37.97972689278714,144.95175047206146,19,POINT (144.95175047206146 -37.97972689278714)
-37.86463671658439,144.8017096686505,32,POINT (144.8017096686505 -37.86463671658439)
-37.95494644343142,145.07776785926276,62,POINT (145.07776785926276 -37.95494644343142)
-37.944345458735924,145.21437109130275,23,POINT (145.21437109130275 -37.944345458735924)
-37.88849511324056,144.72580230147383,91,POINT (144.72580230147383 -37.88849511324056)
-37.7478359460521,144.8636410299277,43,POINT (144.8636410299277 -37.7478359460521)
-37.77330709171658,145.16347383582166,74,POINT (145.16347383582166 -37.77330709171658)
-37.925274451155076,144.7594599881956,44,POINT (144.7594599881956 -37.925274451155076)
-37.83367966832175,145.03758666625578,14,POINT (145.03758666625578 -37.83367966832175)
-37.95553770699198,145.0368235603465,55,POINT (145.0368235603465 -37.95553770699198)
-37.980021902438395,144.96231233498506,45,POINT (144.96231233498506 -37.980021902438395)
-37.76263922106054,145.12908431989953,31,POINT (145.12908431989953 -37.76263922106054)
-37.90265167354167,144.9008189886602,82,POINT (144.9008189886602 -37.90265167354167)
-37.94411663060728,145.073845757586,7,POINT (145.073845757586 -37.94411663060728)
-37.911033586951376,145.1224943059843,44,POINT (145.1224943059843 -37.911033586951376)
-37.81313843243663,145.07176699063726,40,POINT (145.07176699063726 -37.81313843243663)
-38.03175012661027,144.77294640094908,48,POINT (144.77294640094908 -38.03175012661027)
-37.990707034969205,144.96474887908172,72,POINT (144.96474887908172 -37.990707034969205)
-37.81870611240268,144.97432664674594,41,POINT (144.97432664674594 -37.81870611240268)
-37.81949317058454,145.11878332356167,32,POINT (145.11878332356167 -37.81949317058454)
-37.94633229249707,145.13707358169765,84,POINT (145.13707358169765 -37.94633229249707)
-38.01069284230338,144.99390352268017,81,POINT (144.99390352268017 -38.01069284230338)
-37.8116743658813,145.1718685220973,69,POINT (145.1718685220973 -37.8116743658813)
-37.921521961995154,144.96039271600355,2,POINT (144.96039271600355 -37.921521961995154)
-37.900330378578985,145.14814040612407,44,POINT (145.14814040612407 -37.900330378578985)
-37.853817293405875,144.8670989214306,13,POINT (144.8670989214306 -37.853817293405875)
-38.05247992800311,145.03534568973689,65,POINT (145.03534568973689 -38.05247992800311)
-37.99971410966375,144.89043447158988,51,POINT (144.89043447158988 -37.99971410966375)
-37.95810197899786,144.9371029757451,55,POINT (144.9371029757451 -37.95810197899786)
-37.73498035465989,145.1465190339872,26,POINT (145.1465190339872 -37.73498035465989)
-37.90896708708004,145.18197333620913,48,POINT (145.18197333620913 -37.90896708708004)
-38.02158102428134,145.26265484599128,14,POINT (145.26265484599128 -38.02158102428134)
-37.898306446037175,144.9106274404604,48,POINT (144.9106274404604 -37.898306446037175)
-37.885790160643985,145.16118424922794,36,POINT (145.16118424922794 -37.885790160643985)
-37.95274363837865,144.83263905539084,71,POINT (144.83263905539084 -37.95274363837865)
-38.03516207807913,145.0833731344678,85,POINT (145.0833731344678 -38.03516207807913)
-37.97654038952995,144.96020603210604,11,POINT (144.96020603210604 -37.97654038952995)
-37.90019306776613,144.75862171181777,82,POINT (144.75862171181777 -37.90019306776613)
-37.93893435178239,145.180287871262,94,POINT (145.180287871262 -37.93893435178239)
-38.044230427403264,145.49953978536746,61,POINT (145.49953978536746 -38.044230427403264)
-37.95395323877628,144.93546066674153,10,POINT (144.93546066674153 -37.95395323877628)
-37.85900016841869,145.03313840756502,35,POINT (145.03313840756502 -37.85900016841869)
-37.87987474199551,144.99565131598652,7,POINT (144.99565131598652 -37.87987474199551)
-37.78606638149709,144.915629641094,91,POINT (144.915629641094 -37.78606638149709)
-37.959336372452626,144.82555256881432,25,POINT (144.82555256881432 -37.959336372452626)
-37.90911554423556,145.13511591078748,13,POINT (145.13511591078748 -37.90911554423556)
-37.92322089100213,144.9472316528324,50,POINT (144.9472316528324 -37.92322089100213)
-38.04408202990225,144.90248200375635,92,POINT (144.90248200375635 -38.04408202990225)
-37.78904871161812,144.76205114039857,77,POINT (144.76205114039857 -37.78904871161812)
-37.89731483767845,145.30170710077553,87,POINT (145.30170710077553 -37.89731483767845)
-37.95478603414685,145.27821078360066,97,POINT (145.27821078360066 -37.95478603414685)
-37.93249814736748,145.21090666179492,90,POINT (145.21090666179492 -37.93249814736748)
-37.89377791207108,144.90767270086417,99,POINT (144.90767270086417 -37.89377791207108)
-37.865901142358865,144.91435951680214,34,POINT (144.91435951680214 -37.865901142358865)
-37.956947676724525,145.10439343979812,66,POINT (145.10439343979812 -37.956947676724525)
-37.67721121551901,145.00218489473122,14,POINT (145.00218489473122 -37.67721121551901)
-37.81106663150672,144.8823561103347,58,POINT (144.8823561103347 -37.81106663150672)
-38.03295390172336,145.38584978328424,19,POINT (145.38584978328424 -38.03295390172336)
-37.80675569238223,144.93981599256244,93,POINT (144.93981599256244 -37.80675569238223)
-37.86783769728381,144.9780877507007,29,POINT (144.9780877507007 -37.86783769728381)
-37.772946211416794,144.9965352899948,8,POINT (144.9965352899948 -37.772946211416794)
-37.67937924485268,144.77669731731345,38,POINT (144.77669731731345 -37.67937924485268)
-37.97104833404724,144.97429569485607,83,POINT (144.97429569485607 -37.97104833404724)
-37.94625027070152,144.86295841184057,25,POINT (144.86295841184057 -37.94625027070152)
-38.13922035762443,145.0794008907012,85,POINT (145.0794008907012 -38.13922035762443)
-38.04345583610694,144.97145405819845,19,POINT (144.97145405819845 -38.04345583610694)
-37.91860551154662,145.15620814723908,70,POINT (145.15620814723908 -37.91860551154662)
-37.88267229293531,145.1713848579441,35,POINT (145.1713848579441 -37.88267229293531)
-37.90509221187215,145.1955830227851,97,POINT (145.1955830227851 -37.90509221187215)
-38.138516741813056,144.9528878633873,65,POINT (144.9528878633873 -38.138516741813056)
-37.97428447354271,144.79150367753388,65,POINT (144.79150367753388 -37.97428447354271)
-37.960674634151474,144.98747316447168,23,POINT (144.98747316447168 -37.960674634151474)
-38.05049637900475,145.06351855292678,27,POINT (145.06351855292678 -38.05049637900475)
-38.095133620689055,144.89121353655622,8,POINT (144.89121353655622 -38.095133620689055)
-37.809699410707424,144.64461931323302,89,POINT (144.64461931323302 -37.809699410707424)
-37.98211757787344,144.92261238645344,78,POINT (144.92261238645344 -37.98211757787344)
-37.858499184624606,144.87267616322535,94,POINT (144.87267616322535 -37.858499184624606)
-37.744732741538215,145.0705046416205,89,POINT (145.0705046416205 -37.744732741538215)
-37.99417596364097,145.02445932919773,44,POINT (145.02445932919773 -37.99417596364097)
-37.88585185798827,144.8394595477138,11,POINT (144.8394595477138 -37.88585185798827)
-37.90788029893001,144.9046088946204,50,POINT (144.9046088946204 -37.90788029893001)
-37.970110581165486,145.02884321887996,98,POINT (145.02884321887996 -37.970110581165486)
-37.95022113304375,144.9038864999604,37,POINT (144.9038864999604 -37.95022113304375)
-37.83956771073297,144.91276394361074,72,POINT (144.91276394361074 -37.83956771073297)
-38.03332285055976,144.98862544022455,10,POINT (144.98862544022455 -38.03332285055976)
-38.09342191213095,145.2176869174024,70,POINT (145.2176869174024 -38.09342191213095)
-37.95876691878978,144.97390719407437,53,POINT (144.97390719407437 -37.95876691878978)
-37.85198462771663,144.85219006217568,6,POINT (144.85219006217568 -37.85198462771663)
-37.836692834508874,145.04004796683694,27,POINT (145.04004796683694 -37.836692834508874)
-37.89448212923648,145.14369936166602,36,POINT (145.14369936166602 -37.89448212923648)
-37.98767606164112,144.8911328731493,55,POINT (144.8911328731493 -37.98767606164112)
-37.64389358870309,144.66596384411326,49,POINT (144.66596384411326 -37.64389358870309)
-37.89782888238633,145.0496048091621,66,POINT (145.0496048091621 -37.89782888238633)
-38.01366237643068,145.2479979420891,28,POINT (145.2479979420891 -38.01366237643068)
-38.006989678737256,145.26745316152073,55,POINT (145.26745316152073 -38.006989678737256)
-37.90147698746084,144.85807626376837,86,POINT (144.85807626376837 -37.90147698746084)
-37.80277809272938,145.24406171242094,80,POINT (145.24406171242094 -37.80277809272938)
-37.90212991407406,144.96041072021518,29,POINT (144.96041072021518 -37.90212991407406)
-38.00972233763219,144.95335390071008,10,POINT (144.95335390071008 -38.00972233763219)
-37.882791677397854,144.7311973823714,89,POINT (144.7311973823714 -37.882791677397854)
-37.98202109553468,145.261733423313,47,POINT (145.261733423313 -37.98202109553468)
-38.00018255035948,144.92491533527834,76,POINT (144.92491533527834 -38.00018255035948)
-37.9160835413119,145.331101016869,66,POINT (145.331101016869 -37.9160835413119)
-37.99869142202946,144.9460127101845,70,POINT (144.9460127101845 -37.99869142202946)
-37.886320129684215,144.9304568168941,56,POINT (144.9304568168941 -37.886320129684215)
-38.04273451896598,145.0700693668465,28,POINT (145.0700693668465 -38.04273451896598)
-37.99999498670576,145.04733333983503,23,POINT (145.04733333983503 -37.99999498670576)
-37.95672414103305,145.1198489505081,1,POINT (145.1198489505081 -37.95672414103305)
-37.88970175785498,145.04830526085567,26,POINT (145.04830526085567 -37.88970175785498)
-37.9265067977829,144.89694773989754,67,POINT (144.89694773989754 -37.9265067977829)
-38.01959683466651,144.92408398725541,48,POINT (144.92408398725541 -38.01959683466651)
-37.88220694192228,144.8998215776364,89,POINT (144.8998215776364 -37.88220694192228)
-37.99869613079937,145.01494812520892,94,POINT (145.01494812520892 -37.99869613079937)
-37.963157693678156,144.86877745424482,14,POINT (144.86877745424482 -37.963157693678156)
-38.0769285647993,144.7657115997692,55,POINT (144.7657115997692 -38.0769285647993)
-37.89372911679741,145.1670323247392,49,POINT (145.1670323247392 -37.89372911679741)
-37.91482431978927,145.1344126319901,72,POINT (145.1344126319901 -37.91482431978927)
-37.92450035629914,145.10333873713526,49,POINT (145.10333873713526 -37.92450035629914)
-37.89303170551122,145.03170229222346,21,POINT (145.03170229222346 -37.89303170551122)
-37.95366629370471,145.12107361257233,84,POINT (145.12107361257233 -37.95366629370471)
-37.947721709694065,145.19724224672953,98,POINT (145.19724224672953 -37.947721709694065)
-37.98042586891612,145.03502052823993,8,POINT (145.03502052823993 -37.98042586891612)
-37.998904133375284,145.04802387445082,63,POINT (145.04802387445082 -37.998904133375284)
-37.908477886171916,145.05940889515273,25,POINT (145.05940889515273 -37.908477886171916)
-38.0166449968583,144.9949142060774,98,POINT (144.9949142060774 -38.0166449968583)
-37.85522513180333,145.36336686751756,40,POINT (145.36336686751756 -37.85522513180333)
-37.71131318432931,145.0759738324881,45,POINT (145.0759738324881 -37.71131318432931)
-37.87212555836165,145.16498286804003,6,POINT (145.16498286804003 -37.87212555836165)
-37.868466056200816,145.09013289212754,88,POINT (145.09013289212754 -37.868466056200816)
-37.91436008702258,144.85103598912025,7,POINT (144.85103598912025 -37.91436008702258)
-37.98982818380039,145.07719059626538,89,POINT (145.07719059626538 -37.98982818380039)
-37.88269684805823,145.0690287337016,64,POINT (145.0690287337016 -37.88269684805823)
-37.93957348175433,145.01162190748695,15,POINT (145.01162190748695 -37.93957348175433)
-38.11160518825571,144.90878805715937,83,POINT (144.90878805715937 -38.11160518825571)
-37.85519543527089,145.40440541580463,59,POINT (145.40440541580463 -37.85519543527089)
-37.86131258682912,145.21049620944623,99,POINT (145.21049620944623 -37.86131258682912)
-37.90035062436005,145.1753353225786,40,POINT (145.1753353225786 -37.90035062436005)
-37.962626680482806,144.90255104285342,67,POINT (144.90255104285342 -37.962626680482806)
-37.87505903948,144.90404512618593,5,POINT (144.90404512618593 -37.87505903948)
-38.13515274490174,144.70268750021194,11,POINT (144.70268750021194 -38.13515274490174)
-37.84564318871264,144.91368858384132,20,POINT (144.91368858384132 -37.84564318871264)
-37.83660572671327,144.87729778005735,40,POINT (144.87729778005735 -37.83660572671327)
-37.9770816809528,144.98951630402425,11,POINT (144.98951630402425 -37.9770816809528)
-38.02810919390481,145.05513682378006,36,POINT (145.05513682378006 -38.02810919390481)
-37.96425610471977,144.99778061374417,10,POINT (144.99778061374417 -37.96425610471977)
-37.853191099941654,144.78139576913404,53,POINT (144.78139576913404 -37.853191099941654)
-38.063335802221374,145.06962596709332,31,POINT (145.06962596709332 -38.063335802221374)
-37.96695363481695,144.7694456227226,55,POINT (144.7694456227226 -37.96695363481695)
-38.02803809216807,145.09048191238983,30,POINT (145.09048191238983 -38.02803809216807)
-37.866489489837555,144.8745751487053,55,POINT (144.8745751487053 -37.866489489837555)
-37.81204747685305,144.68429823509038,6,POINT (144.68429823509038 -37.81204747685305)
-37.901905887258025,144.77488714773258,61,POINT (144.77488714773258 -37.901905887258025)
-37.88513198283433,145.10569338453715,65,POINT (145.10569338453715 -37.88513198283433)
-38.03269530546564,145.14733268743512,46,POINT (145.14733268743512 -38.03269530546564)
-37.760024034147975,144.7535065066428,58,POINT (144.7535065066428 -37.760024034147975)
-37.9157909297165,145.06122208434832,58,POINT (145.06122208434832 -37.9157909297165)
-37.85439722807856,144.92619553214368,27,POINT (144.92619553214368 -37.85439722807856)
-37.88618775078943,144.9312056327003,99,POINT (144.9312056327003 -37.88618775078943)
-37.73140172796802,144.93545545801356,92,POINT (144.93545545801356 -37.73140172796802)
-37.875953706482306,145.05554024049667,90,POINT (145.05554024049667 -37.875953706482306)
-37.988782012453875,144.98052527538744,33,POINT (144.98052527538744 -37.988782012453875)
-37.91936144670425,145.11880305192932,65,POINT (145.11880305192932 -37.91936144670425)
-38.00761158001632,144.72623337876942,62,POINT (144.72623337876942 -38.00761158001632)
-37.90543226994606,145.0461649776787,41,POINT (145.0461649776787 -37.90543226994606)
-37.7815468171054,144.9135925319827,88,POINT (144.9135925319827 -37.7815468171054)
-37.73932572362632,144.78290345617717,42,POINT (144.78290345617717 -37.73932572362632)
-37.87488646704625,144.8593569015014,73,POINT (144.8593569015014 -37.87488646704625)
-38.000858411005375,145.2822889501894,70,POINT (145.2822889501894 -38.000858411005375)
-37.94477273326801,145.14183803757294,44,POINT (145.14183803757294 -37.94477273326801)
-37.9196958193279,144.90209150945756,6,POINT (144.90209150945756 -37.9196958193279)
-37.851058175321405,144.8954431732911,62,POINT (144.8954431732911 -37.851058175321405)
-37.998097834257514,144.83752746401348,44,POINT (144.83752746401348 -37.998097834257514)
-37.91730303774428,144.89416856692014,46,POINT (144.89416856692014 -37.91730303774428)
-37.83648565806642,144.99159281354974,51,POINT (144.99159281354974 -37.83648565806642)
-37.90939896608488,144.96729765039663,74,POINT (144.96729765039663 -37.90939896608488)
-38.00141887393451,144.9147246042264,53,POINT (144.9147246042264 -38.00141887393451)
-37.9545460656961,144.87866011682115,10,POINT (144.87866011682115 -37.9545460656961)
-37.81677028887365,144.81807416212246,15,POINT (144.81807416212246 -37.81677028887365)
-37.8047026938293,145.0064610590608,2,POINT (145.0064610590608 -37.8047026938293)
-37.94188342142058,144.90085826847374,80,POINT (144.90085826847374 -37.94188342142058)
-37.954939768796905,144.77263314435714,14,POINT (144.77263314435714 -37.954939768796905)
-37.90443775567816,144.91956988116934,7,POINT (144.91956988116934 -37.90443775567816)
-37.890455145238256,144.91194088766218,43,POINT (144.91194088766218 -37.890455145238256)
-37.97468864681792,145.36188098412748,72,POINT (145.36188098412748 -37.97468864681792)
-38.07276551673889,144.89012952725736,28,POINT (144.89012952725736 -38.07276551673889)
-38.07771173226385,145.1875687766135,16,POINT (145.1875687766135 -38.07771173226385)
-37.76151714871017,144.74792330565455,89,POINT (144.74792330565455 -37.76151714871017)
-37.84766500866271,145.08966448192916,57,POINT (145.08966448192916 -37.84766500866271)
-37.952485895455496,144.99381806502774,32,POINT (144.99381806502774 -37.952485895455496)
-37.81533254652548,144.6943361082505,61,POINT (144.6943361082505 -37.81533254652548)
-37.88563098857026,144.53083501762626,36,POINT (144.53083501762626 -37.88563098857026)
-37.89562530290706,144.91448812495958,27,POINT (144.91448812495958 -37.89562530290706)
-37.86266207728237,145.0868378816026,88,POINT (145.0868378816026 -37.86266207728237)
-37.88761030894566,145.26096069926237,83,POINT (145.26096069926237 -37.88761030894566)
-37.91281686023239,144.81161870087556,17,POINT (144.81161870087556 -37.91281686023239)
-37.994866970539384,145.11614187077453,1,POINT (145.11614187077453 -37.994866970539384)
-37.8645559839544,144.55736737042264,64,POINT (144.55736737042264 -37.8645559839544)
-37.8348616347264,145.14777563585434,87,POINT (145.14777563585434 -37.8348616347264)
-37.8465349076476,145.0161657763215,97,POINT (145.0161657763215 -37.8465349076476)
-37.97548879762403,144.96457379911774,77,POINT (144.96457379911774 -37.97548879762403)
-37.997838955265365,144.8854658614902,86,POINT (144.8854658614902 -37.997838955265365)
-37.94071590991578,145.15035730196934,43,POINT (145.15035730196934 -37.94071590991578)
-37.71781584436171,144.81266709572364,27,POINT (144.81266709572364 -37.71781584436171)
-38.04170612267338,144.75095615498307,97,POINT (144.75095615498307 -38.04170612267338)
-38.00833396371494,144.74079686376612,98,POINT (144.74079686376612 -38.00833396371494)
-37.848465800882416,145.18199162138978,59,POINT (145.18199162138978 -37.848465800882416)
-38.090842054833985,145.01309782839502,18,POINT (145.01309782839502 -38.090842054833985)
-37.85610722702969,145.2096194198757,33,POINT (145.2096194198757 -37.85610722702969)
-38.02749479145702,145.03598877149935,12,POINT (145.03598877149935 -38.02749479145702)
-37.89726349088098,144.9519860195067,41,POINT (144.9519860195067 -37.89726349088098)
-37.81227270407821,145.1218912445177,72,POINT (145.1218912445177 -37.81227270407821)
-37.84314695182045,144.89122457461818,42,POINT (144.89122457461818 -37.84314695182045)
-37.786212343074226,145.05971061905313,7,POINT (145.05971061905313 -37.786212343074226)
-37.87995389480636,145.03667940318712,78,POINT (145.03667940318712 -37.87995389480636)
-37.94622295434457,144.9520893333607,8,POINT (144.9520893333607 -37.94622295434457)
-37.845659949021055,144.7740258332666,44,POINT (144.7740258332666 -37.845659949021055)
-38.000203163715575,144.8649481932048,86,POINT (144.8649481932048 -38.000203163715575)
-37.85768648454154,145.20179599513958,22,POINT (145.20179599513958 -37.85768648454154)
-37.95424593004375,144.84553655480065,80,POINT (144.84553655480065 -37.95424593004375)
-37.973787263017385,144.95116234820145,0,POINT (144.95116234820145 -37.973787263017385)
-37.804454666586736,144.7830108681126,60,POINT (144.7830108681126 -37.804454666586736)
-37.99320044085928,145.26565400409396,94,POINT (145.26565400409396 -37.99320044085928)
-37.9957313132239,145.33648788704681,80,POINT (145.33648788704681 -37.9957313132239)
-37.89078135111438,144.99626494191858,21,POINT (144.99626494191858 -37.89078135111438)
-37.75823428001831,144.76039489100725,31,POINT (144.76039489100725 -37.75823428001831)
-37.87458165687556,144.8996722780255,4,POINT (144.8996722780255 -37.87458165687556)
-38.03733754419783,145.01467122544167,12,POINT (145.01467122544167 -38.03733754419783)
-37.839337165999616,144.7198385010903,79,POINT (144.7198385010903 -37.839337165999616)
-38.06121625098161,144.67619068153616,60,POINT (144.67619068153616 -38.06121625098161)
-37.94810510891288,145.0956257612017,7,POINT (145.0956257612017 -37.94810510891288)
-37.93345598699573,144.9248529519569,93,POINT (144.9248529519569 -37.93345598699573)
-37.80033422581419,145.26187599230244,57,POINT (145.26187599230244 -37.80033422581419)
-37.83463400126718,144.90096124989748,4,POINT (144.90096124989748 -37.83463400126718)
-37.85907665438949,144.90566662879976,46,POINT (144.90566662879976 -37.85907665438949)
-37.83503567286641,144.97790258526385,39,POINT (144.97790258526385 -37.83503567286641)
-37.98980686894472,144.8059880794298,74,POINT (144.8059880794298 -37.98980686894472)
-37.859635353570624,144.9875022298639,24,POINT (144.9875022298639 -37.859635353570624)
-37.985729678563686,144.93732183584956,10,POINT (144.93732183584956 -37.985729678563686)
-37.829074444735554,145.11316023728227,45,POINT (145.11316023728227 -37.829074444735554)
-37.885789288245796,145.26621273024048,49,POINT (145.26621273024048 -37.885789288245796)
-38.06604868625916,145.32891874906633,6,POINT (145.32891874906633 -38.06604868625916)
-37.95242957972798,145.0296805627723,13,POINT (145.0296805627723 -37.95242957972798)
-37.92736840882003,144.9489459712179,22,POINT (144.9489459712179 -37.92736840882003)
-38.01571614659938,144.98726766134413,22,POINT (144.98726766134413 -38.01571614659938)
-37.94201011804306,145.15169572522308,83,POINT (145.15169572522308 -37.94201011804306)
-37.96191500357925,144.77085141705956,25,POINT (144.77085141705956 -37.96191500357925)
-37.896214376325005,145.30260560680736,31,POINT (145.30260560680736 -37.896214376325005)
-37.79847708112881,144.8516739016734,15,POINT (144.8516739016734 -37.79847708112881)
-37.818984675589924,145.1155025622784,6,POINT (145.1155025622784 -37.818984675589924)
-37.856810474473576,144.893359872911,97,POINT (144.893359872911 -37.856810474473576)
-37.92692381156433,144.73380781445132,63,POINT (144.73380781445132 -37.92692381156433)
-37.84059021525741,144.93621353642993,43,POINT (144.93621353642993 -37.84059021525741)
-38.00272398903345,144.9876898138101,68,POINT (144.9876898138101 -38.00272398903345)
-37.81343401212679,144.80609057529864,39,POINT (144.80609057529864 -37.81343401212679)
-37.809216978898775,145.08575662689273,24,POINT (145.08575662689273 -37.809216978898775)
-37.81182513160833,145.13081655394512,93,POINT (145.13081655394512 -37.81182513160833)
-37.96640861600018,145.0010511819237,47,POINT (145.0010511819237 -37.96640861600018)
-38.01711647210945,144.72882332925332,48,POINT (144.72882332925332 -38.01711647210945)
-37.85672320598466,145.2567069778164,4,POINT (145.2567069778164 -37.85672320598466)
-37.86985546228579,145.08841566660624,37,POINT (145.08841566660624 -37.86985546228579)
-38.01970212772341,144.9571432368715,55,POINT (144.9571432368715 -38.01970212772341)
-37.92393213531765,145.15796311614602,34,POINT (145.15796311614602 -37.92393213531765)
-37.98800849564585,145.14110138633814,74,POINT (145.14110138633814 -37.98800849564585)
-37.84059227366784,144.93898068925552,47,POINT (144.93898068925552 -37.84059227366784)
-37.936328897115665,144.69690581389162,51,POINT (144.69690581389162 -37.936328897115665)
-37.95292019667195,144.74866077152063,17,POINT (144.74866077152063 -37.95292019667195)
-37.929082057407264,145.00177276380109,9,POINT (145.00177276380109 -37.929082057407264)
-38.07033436574296,145.09362486521738,92,POINT (145.09362486521738 -38.07033436574296)
-37.902561046308655,145.0497213066938,3,POINT (145.0497213066938 -37.902561046308655)
-38.00519665975381,144.76724136891778,71,POINT (144.76724136891778 -38.00519665975381)
-37.97714271404355,145.12534839035197,35,POINT (145.12534839035197 -37.97714271404355)
-37.91458175703221,144.87013504492683,42,POINT (144.87013504492683 -37.91458175703221)
-37.92244557225098,144.87592229023593,67,POINT (144.87592229023593 -37.92244557225098)
-38.00433745773081,144.93276118739143,1,POINT (144.93276118739143 -38.00433745773081)
-37.73105512738607,145.09312475267836,15,POINT (145.09312475267836 -37.73105512738607)
-37.9401462664747,145.12264645844718,39,POINT (145.12264645844718 -37.9401462664747)
-37.8036022705453,144.91758468373834,17,POINT (144.91758468373834 -37.8036022705453)
-37.868842555844466,144.90335186699133,97,POINT (144.90335186699133 -37.868842555844466)
-37.93339166611446,145.04165332089352,70,POINT (145.04165332089352 -37.93339166611446)
-37.861701221707364,145.12352718292473,55,POINT (145.12352718292473 -37.861701221707364)
-38.016928909228874,145.09236961690627,21,POINT (145.09236961690627 -38.016928909228874)
-37.91359167530544,145.275332121187,90,POINT (145.275332121187 -37.91359167530544)
-37.8422322461144,144.99528942861934,30,POINT (144.99528942861934 -37.8422322461144)
-37.794201578209936,144.90469489917146,27,POINT (144.90469489917146 -37.794201578209936)
-38.14090464299284,145.12172034637157,14,POINT (145.12172034637157 -38.14090464299284)
-37.75494820158401,145.0043860166842,90,POINT (145.0043860166842 -37.75494820158401)
-37.81544580896233,145.04130416135052,33,POINT (145.04130416135052 -37.81544580896233)
-38.03607853750658,144.9422283078821,10,POINT (144.9422283078821 -38.03607853750658)
-38.01527486001233,145.27131195263271,55,POINT (145.27131195263271 -38.01527486001233)
-38.00561162924048,144.74297470694012,58,POINT (144.74297470694012 -38.00561162924048)
-37.99114617511599,145.051258196367,84,POINT (145.051258196367 -37.99114617511599)
-38.03107018368795,144.90221772610033,73,POINT (144.90221772610033 -38.03107018368795)
-37.93642006447391,144.99554654998835,52,POINT (144.99554654998835 -37.93642006447391)
-37.979385820744,145.12685382960274,96,POINT (145.12685382960274 -37.979385820744)
-37.92304564624123,144.527735790627,78,POINT (144.527735790627 -37.92304564624123)
-37.987199388469485,144.9357989135385,53,POINT (144.9357989135385 -37.987199388469485)
-37.952254309958555,144.84565732224507,22,POINT (144.84565732224507 -37.952254309958555)
-37.86474143576155,145.00686259098853,78,POINT (145.00686259098853 -37.86474143576155)
-37.938340544046795,144.92810278910602,20,POINT (144.92810278910602 -37.938340544046795)
-37.82822767982945,144.93132636213073,23,POINT (144.93132636213073 -37.82822767982945)
-37.94566495716909,145.17205726506313,4,POINT (145.17205726506313 -37.94566495716909)
-37.89222816944058,144.80548864863513,7,POINT (144.80548864863513 -37.89222816944058)
-37.80341654494746,145.12726285409946,20,POINT (145.12726285409946 -37.80341654494746)
-37.82006483658976,145.00814175098674,84,POINT (145.00814175098674 -37.82006483658976)
-37.79067859626693,145.22008635178315,40,POINT (145.22008635178315 -37.79067859626693)
-37.960013696791776,144.79280099201193,19,POINT (144.79280099201193 -37.960013696791776)
-37.88748780397232,145.0626382817113,2,POINT (145.0626382817113 -37.88748780397232)
-38.04180944303813,145.0667209723256,3,POINT (145.0667209723256 -38.04180944303813)
-37.9121003437479,145.1867283106903,1,POINT (145.1867283106903 -37.9121003437479)
-37.840443713570245,145.32570672676036,38,POINT (145.32570672676036 -37.840443713570245)
-37.93194831136312,144.81685180319033,23,POINT (144.81685180319033 -37.93194831136312)
-37.96169985912776,145.28278000336138,28,POINT (145.28278000336138 -37.96169985912776)
-38.183866546143676,145.09134437744962,0,POINT (145.09134437744962 -38.183866546143676)
-38.02476627445095,145.09806785606452,6,POINT (145.09806785606452 -38.02476627445095)
-38.030151055860436,144.98355833398801,71,POINT (144.98355833398801 -38.030151055860436)
-37.95988863380741,145.36877303822058,83,POINT (145.36877303822058 -37.95988863380741)
-37.99071800874009,144.92538700350994,93,POINT (144.92538700350994 -37.99071800874009)
-37.99635257073197,144.79031835617377,99,POINT (144.79031835617377 -37.99635257073197)
-37.85591755713672,145.2592755015904,54,POINT (145.2592755015904 -37.85591755713672)
-37.84638824127583,145.1488881654813,66,POINT (145.1488881654813 -37.84638824127583)
-37.86076516828797,144.83156166121887,42,POINT (144.83156166121887 -37.86076516828797)
-37.98796003414519,144.91572210614402,52,POINT (144.91572210614402 -37.98796003414519)
-37.82889489130866,144.90613581514788,71,POINT (144.90613581514788 -37.82889489130866)
-37.917011351978246,145.0848710949857,63,POINT (145.0848710949857 -37.917011351978246)
-37.84690900714095,145.20655042732122,86,POINT (145.20655042732122 -37.84690900714095)
-38.024369521317674,145.11140112239488,34,POINT (145.11140112239488 -38.024369521317674)
-37.9459081569919,145.11114829338686,76,POINT (145.11114829338686 -37.9459081569919)
-37.95700191080254,145.13217389021443,39,POINT (145.13217389021443 -37.95700191080254)
-37.94144672252207,145.20916473530932,25,POINT (145.20916473530932 -37.94144672252207)
-37.94143737191378,145.17186520187147,81,POINT (145.17186520187147 -37.94143737191378)
-37.85612317370774,144.7429776215778,90,POINT (144.7429776215778 -37.85612317370774)
-37.97682480650113,144.65398237012022,70,POINT (144.65398237012022 -37.97682480650113)
-37.941009585538644,144.90206953330483,38,POINT (144.90206953330483 -37.941009585538644)
-37.988049404313045,144.86359500625775,32,POINT (144.86359500625775 -37.988049404313045)
-37.83733398145458,145.3576841183389,28,POINT (145.3576841183389 -37.83733398145458)
-37.91350222427736,145.1046768092455,50,POINT (145.1046768092455 -37.91350222427736)
-37.88006901555772,145.0077757832318,28,POINT (145.0077757832318 -37.88006901555772)
-37.8613264888693,145.00094956790304,35,POINT (145.00094956790304 -37.8613264888693)
-37.879042369530886,144.77587873325368,18,POINT (144.77587873325368 -37.879042369530886)
-37.792196726042945,144.88408015622255,35,POINT (144.88408015622255 -37.792196726042945)
-37.99362844352415,145.25772664057385,13,POINT (145.25772664057385 -37.99362844352415)
-37.753728601184676,145.03388377295423,44,POINT (145.03388377295423 -37.753728601184676)
-37.80067121955689,144.83700131169763,28,POINT (144.83700131169763 -37.80067121955689)
-37.8833602709001,144.78148239654985,30,POINT (144.78148239654985 -37.8833602709001)
-37.84914490965798,145.3173849034426,13,POINT (145.3173849034426 -37.84914490965798)
-37.91052715799249,144.76596207802996,44,POINT (144.76596207802996 -37.91052715799249)
-38.06333530761824,144.67180134104592,53,POINT (144.67180134104592 -38.06333530761824)
-38.11837336885944,145.30131260441647,31,POINT (145.30131260441647 -38.11837336885944)
-37.97051456390406,144.9355258590852,76,POINT (144.9355258590852 -37.97051456390406)
-38.000270229740636,144.69554879261713,83,POINT (144.69554879261713 -38.000270229740636)
-37.93662835656854,144.93208278798053,55,POINT (144.93208278798053 -37.93662835656854)
-37.829453726936414,145.07722225346222,40,POINT (145.07722225346222 -37.829453726936414)
-37.95955585742486,145.18357644730818,43,POINT (145.18357644730818 -37.95955585742486)
-38.10018898815505,144.99222165259096,41,POINT (144.99222165259096 -38.10018898815505)
-38.029330509145424,145.1051293391847,31,POINT (145.1051293391847 -38.029330509145424)
-37.98308410043863,145.0537051664347,46,POINT (145.0537051664347 -37.98308410043863)
-37.808735880228575,144.7428463278389,65,POINT (144.7428463278389 -37.808735880228575)
-37.85234960456569,144.6881167939857,9,POINT (144.6881167939857 -37.85234960456569)
-38.035247708626756,145.16107773789892,52,POINT (145.16107773789892 -38.035247708626756)
-37.91241440396954,144.97331411675205,47,POINT (144.97331411675205 -37.91241440396954)
-38.00554758906756,145.1647138837195,94,POINT (145.1647138837195 -38.00554758906756)
-37.84437512381834,144.99519416274669,30,POINT (144.99519416274669 -37.84437512381834)
-37.65691196492468,145.1788531940832,55,POINT (145.1788531940832 -37.65691196492468)
-37.81740314864517,144.96813385438665,41,POINT (144.96813385438665 -37.81740314864517)
-37.82560075816274,145.06545853703244,39,POINT (145.06545853703244 -37.82560075816274)
-37.90511496824947,144.7584892383005,96,POINT (144.7584892383005 -37.90511496824947)
-37.82598239640295,145.25111820221463,83,POINT (145.25111820221463 -37.82598239640295)
-37.80731870237593,144.8493974211,65,POINT (144.8493974211 -37.80731870237593)
-38.051046668794655,144.9762078754207,86,POINT (144.9762078754207 -38.051046668794655)
-37.952880151339535,145.12410058572866,56,POINT (145.12410058572866 -37.952880151339535)
-37.91281223987699,145.05032844240532,29,POINT (145.05032844240532 -37.91281223987699)
-37.888760710809194,145.3415690093705,46,POINT (145.3415690093705 -37.888760710809194)
-37.73815004858088,144.85372498782846,0,POINT (144.85372498782846 -37.73815004858088)
-37.833458487979954,144.94020864497867,23,POINT (144.94020864497867 -37.833458487979954)
-38.01922548489263,145.19994891377405,77,POINT (145.19994891377405 -38.01922548489263)
-37.99230954867997,145.1187118086065,0,POINT (145.1187118086065 -37.99230954867997)
-37.84804805243949,144.91714363657078,9,POINT (144.91714363657078 -37.84804805243949)
-37.89220254067555,145.15620065322187,63,POINT (145.15620065322187 -37.89220254067555)
-37.81999218635398,144.83945469083682,78,POINT (144.83945469083682 -37.81999218635398)
-37.81247196226416,144.8474214242347,91,POINT (144.8474214242347 -37.81247196226416)
-37.94608271505749,145.37200348382865,11,POINT (145.37200348382865 -37.94608271505749)
-37.802673492199524,144.95715764195367,35,POINT (144.95715764195367 -37.802673492199524)
-37.90115077250097,144.8663543541887,53,POINT (144.8663543541887 -37.90115077250097)
-37.983466259654726,144.94645593433472,18,POINT (144.94645593433472 -37.983466259654726)
-37.882545340095746,145.11694192822685,13,POINT (145.11694192822685 -37.882545340095746)
-37.72339680528318,144.625456560577,24,POINT (144.625456560577 -37.72339680528318)
-38.003872407516106,144.9575035460719,45,POINT (144.9575035460719 -38.003872407516106)
-37.99545580831447,144.87324778273683,37,POINT (144.87324778273683 -37.99545580831447)
-37.95716837214777,144.95455382453528,78,POINT (144.95455382453528 -37.95716837214777)
-37.865928442844954,145.37542783372783,44,POINT (145.37542783372783 -37.865928442844954)
-37.953490772436474,144.89758089173608,14,POINT (144.89758089173608 -37.953490772436474)
-38.00710792427765,145.03693241288153,23,POINT (145.03693241288153 -38.00710792427765)
-37.835079629914134,144.97254323132972,48,POINT (144.97254323132972 -37.835079629914134)
-37.97681442963211,144.9314705229486,87,POINT (144.9314705229486 -37.97681442963211)
-37.88519841996932,144.9446275652282,30,POINT (144.9446275652282 -37.88519841996932)
-38.05616386803523,145.1043383921834,0,POINT (145.1043383921834 -38.05616386803523)
-37.923821382261664,145.33733694628998,53,POINT (145.33733694628998 -37.923821382261664)
-37.90135669896217,145.1907684901397,0,POINT (145.1907684901397 -37.90135669896217)
-37.86627091697786,144.91499686458047,29,POINT (144.91499686458047 -37.86627091697786)
-37.8806901907446,145.0722820537355,7,POINT (145.0722820537355 -37.8806901907446)
-37.950582527141435,145.09313603063782,23,POINT (145.09313603063782 -37.950582527141435)
-37.88295320027656,145.02581318488546,88,POINT (145.02581318488546 -37.88295320027656)
-38.042206766831576,145.07285545520463,63,POINT (145.07285545520463 -38.042206766831576)
-38.04661017427358,145.16398247945688,37,POINT (145.16398247945688 -38.04661017427358)
-37.887992560396384,145.19151161344925,23,POINT (145.19151161344925 -37.887992560396384)
-38.00241908437763,145.14606217313732,73,POINT (145.14606217313732 -38.00241908437763)
-37.84500700266492,145.01521578947577,26,POINT (145.01521578947577 -37.84500700266492)
-38.060211101255256,145.07403325620817,59,POINT (145.07403325620817 -38.060211101255256)
-38.087929968079564,145.13939891078752,11,POINT (145.13939891078752 -38.087929968079564)
-37.882584141829255,144.61931972384943,83,POINT (144.61931972384943 -37.882584141829255)
-37.91538590026561,145.1207384749972,90,POINT (145.1207384749972 -37.91538590026561)
-38.008665734877134,144.64776811151452,76,POINT (144.64776811151452 -38.008665734877134)
-38.10170560552927,145.14724512228884,24,POINT (145.14724512228884 -38.10170560552927)
-37.93240550193905,145.09695198475194,35,POINT (145.09695198475194 -37.93240550193905)
-37.788187881498594,145.19484541804326,82,POINT (145.19484541804326 -37.788187881498594)
-37.970038376311784,145.25307544042838,78,POINT (145.25307544042838 -37.970038376311784)
-37.98146783266488,145.00230657346592,11,POINT (145.00230657346592 -37.98146783266488)
-37.892268129437944,145.44120348450073,68,POINT (145.44120348450073 -37.892268129437944)
-37.857467201266076,145.09078723185098,91,POINT (145.09078723185098 -37.857467201266076)
-37.736765585579185,144.73990074770154,42,POINT (144.73990074770154 -37.736765585579185)
-37.88403233869678,145.02032718156656,41,POINT (145.02032718156656 -37.88403233869678)
-38.013938457548456,144.82183602734412,7,POINT (144.82183602734412 -38.013938457548456)
-37.864610196355976,144.88660240646402,31,POINT (144.88660240646402 -37.864610196355976)
-37.975162733183005,145.19558463410206,30,POINT (145.19558463410206 -37.975162733183005)
-37.998400064848305,144.81082229186427,41,POINT (144.81082229186427 -37.998400064848305)
-37.844170658132796,144.78891890856758,67,POINT (144.78891890856758 -37.844170658132796)
-38.00289458644909,144.92116553406123,66,POINT (144.92116553406123 -38.00289458644909)
